{"scale": {"locations": {"Sacramento, CA": {"std": 6.7726863980071919, "error": 1.5963374929602596, "mean": 50.111111111111114}, "Northern Europe": {"std": 9.7627017176387287, "error": 1.8128881969786088, "mean": 46.896551724137929}, "Ontario, Canada": {"std": 6.8776768624580091, "error": 1.0741126686642923, "mean": 55.560975609756099}, "Portland, OR": {"std": 10.142288974438937, "error": 1.6036366923420156, "mean": 49.174999999999997}, "South East Asia": {"std": 9.4465917260192445, "error": 3.57047606345819, "mean": 54.285714285714285}, "Middle East": {"std": 7.1432234338316078, "error": 1.3747139908014405, "mean": 52.111111111111114}, "Southern California": {"std": 5.6803755744375444, "error": 1.796292478040997, "mean": 52.600000000000001}}, "questions": ["I am intensely interested in other people", "I have warm feelings towards others", "I find most things amusing", "I laugh often", "I feel committed and involved in my life", "I feel I have a sense of meaning and purpose in my life", "I find beauty in most things", "I feel I have control and influence over my life", "I feel capable to take on anything", "I feel physically healthy", "I am pleased with the way I look", "I exercise often", "When I drink, I do not lose control", "I take time to care of myself"]}, "yes_no": {"results": {"Do you visit often with your loved ones?": {"yes": {"locations": {"Sacramento, CA": {"std": 6.7726863980071919, "error": 1.5963374929602596, "mean": 50.111111111111114}, "Northern Europe": {"std": 9.4759758150313385, "error": 2.2335089190561273, "mean": 48.833333333333336}, "Ontario, Canada": {"std": 6.952909370756152, "error": 1.0993514988158781, "mean": 55.625}, "Portland, OR": {"std": 9.420914137619862, "error": 1.9230360456450737, "mean": 50.666666666666664}, "South East Asia": {"std": 4.7871355387816905, "error": 2.3935677693908453, "mean": 58.75}, "Middle East": {"std": 6.5121806433809972, "error": 1.5349356977488258, "mean": 53.944444444444443}, "Southern California": {"std": 5.7975090436420285, "error": 1.9325030145473427, "mean": 52.111111111111114}}}, "no": {"locations": {"Sacramento, CA": {"std": 0, "error": 0, "mean": 0}, "Northern Europe": {"std": 9.8192760333021418, "error": 2.9606231195811379, "mean": 43.727272727272727}, "Ontario, Canada": {"std": 0, "error": 0, "mean": 0}, "Portland, OR": {"std": 11.066277603602758, "error": 2.7665694009006896, "mean": 46.9375}, "South East Asia": {"std": 11.846237095944574, "error": 6.8394281762277309, "mean": 48.333333333333336}, "Middle East": {"std": 7.1713716560063618, "error": 2.5354627641855494, "mean": 47.5}, "Southern California": {"std": 0, "error": 0, "mean": 0}}}}, "Do you feel financially stable": {"yes": {"locations": {"Sacramento, CA": {"std": 7.1055533837195881, "error": 2.2469732728470286, "mean": 52.399999999999999}, "Northern Europe": {"std": 4.5487260953929827, "error": 1.371492521137899, "mean": 50.090909090909093}, "Ontario, Canada": {"std": 6.4054900694875041, "error": 1.0985324840614976, "mean": 57.0}, "Portland, OR": {"std": 8.5068084187716497, "error": 1.9021801895940906, "mean": 50.950000000000003}, "South East Asia": {"std": 10.014988766843425, "error": 4.4788391353117376, "mean": 51.600000000000001}, "Middle East": {"std": 4.3607893226437247, "error": 1.1654699700882019, "mean": 52.642857142857146}, "Southern California": {"std": 6.0178306485215849, "error": 2.1276244298009259, "mean": 52.25}}}, "no": {"locations": {"Sacramento, CA": {"std": 5.4445254286170011, "error": 1.9249304254588377, "mean": 47.25}, "Northern Europe": {"std": 11.583315700367452, "error": 2.7302136934514762, "mean": 44.944444444444443}, "Ontario, Canada": {"std": 4.577377082170635, "error": 1.7300859166271381, "mean": 48.571428571428569}, "Portland, OR": {"std": 11.495536891378872, "error": 2.5704801926979775, "mean": 47.399999999999999}, "South East Asia": {"std": 2.8284271247461903, "error": 2.0, "mean": 61.0}, "Middle East": {"std": 9.4482395592634489, "error": 2.6204701687532039, "mean": 51.53846153846154}, "Southern California": {"std": 5.6568542494923806, "error": 4.0, "mean": 54.0}}}}, "Do you travel for leisure?": {"yes": {"locations": {"Sacramento, CA": {"std": 7.2929289854497545, "error": 1.9491172578304186, "mean": 49.571428571428569}, "Northern Europe": {"std": 6.7190955536655776, "error": 1.4010282723660743, "mean": 49.652173913043477}, "Ontario, Canada": {"std": 6.8401665760329831, "error": 1.1730788899287357, "mean": 56.0}, "Portland, OR": {"std": 9.8200290740146361, "error": 2.0045050408859537, "mean": 51.208333333333336}, "South East Asia": {"std": 4.7871355387816905, "error": 2.3935677693908453, "mean": 58.75}, "Middle East": {"std": 5.247555822024494, "error": 1.1733891533771557, "mean": 52.200000000000003}, "Southern California": {"std": 5.8660646336120683, "error": 2.0739670406528368, "mean": 52.125}}}, "no": {"locations": {"Sacramento, CA": {"std": 4.8304589153964796, "error": 2.4152294576982398, "mean": 52.0}, "Northern Europe": {"std": 12.894443247642245, "error": 5.2641344123332487, "mean": 36.333333333333336}, "Ontario, Canada": {"std": 7.1846397000161133, "error": 2.7155385579777627, "mean": 53.428571428571431}, "Portland, OR": {"std": 10.151354589413179, "error": 2.5378386473532948, "mean": 46.125}, "South East Asia": {"std": 11.846237095944574, "error": 6.8394281762277309, "mean": 48.333333333333336}, "Middle East": {"std": 11.567606658662102, "error": 4.3721443547192491, "mean": 51.857142857142854}, "Southern California": {"std": 6.3639610306789276, "error": 4.5, "mean": 54.5}}}}, "Do you have a reliable mode of transportation?": {"yes": {"locations": {"Sacramento, CA": {"std": 6.6796442314560087, "error": 1.6200516886965191, "mean": 49.647058823529413}, "Northern Europe": {"std": 10.177670033964622, "error": 2.398899832565168, "mean": 47.944444444444443}, "Ontario, Canada": {"std": 7.0110766421079358, "error": 1.1226707588867133, "mean": 55.717948717948715}, "Portland, OR": {"std": 9.2567062007287273, "error": 1.7814539389333361, "mean": 49.074074074074076}, "South East Asia": {"std": 10.2810505299799, "error": 4.5978255730290591, "mean": 51.799999999999997}, "Middle East": {"std": 7.9423912612870193, "error": 1.7759726764138068, "mean": 53.149999999999999}, "Southern California": {"std": 5.5327308908992769, "error": 1.8442436302997589, "mean": 51.888888888888886}}}, "no": {"locations": {"Sacramento, CA": {"std": 0, "error": 0, "mean": 0}, "Northern Europe": {"std": 9.2500614248574777, "error": 2.7889984576356821, "mean": 45.18181818181818}, "Ontario, Canada": {"std": 2.1213203435596424, "error": 1.4999999999999998, "mean": 52.5}, "Portland, OR": {"std": 12.189739274887858, "error": 3.3808253838573386, "mean": 49.384615384615387}, "South East Asia": {"std": 2.1213203435596424, "error": 1.4999999999999998, "mean": 60.5}, "Middle East": {"std": 2.7342623276105891, "error": 1.0334540197243192, "mean": 49.142857142857146}, "Southern California": {"std": 0, "error": 0, "mean": 0}}}}, "Did you graduate from high school?": {"yes": {"locations": {"Sacramento, CA": {"std": 6.7726863980071919, "error": 1.5963374929602596, "mean": 50.111111111111114}, "Northern Europe": {"std": 9.7627017176387287, "error": 1.8128881969786088, "mean": 46.896551724137929}, "Ontario, Canada": {"std": 6.7908830025279467, "error": 1.2398399352876561, "mean": 53.56666666666667}, "Portland, OR": {"std": 10.142288974438937, "error": 1.6036366923420156, "mean": 49.174999999999997}, "South East Asia": {"std": 9.4465917260192445, "error": 3.57047606345819, "mean": 54.285714285714285}, "Middle East": {"std": 6.923887447908462, "error": 1.4133326069864147, "mean": 51.125}, "Southern California": {"std": 5.6803755744375444, "error": 1.796292478040997, "mean": 52.600000000000001}}}, "no": {"locations": {"Sacramento, CA": {"std": 0, "error": 0, "mean": 0}, "Northern Europe": {"std": 0, "error": 0, "mean": 0}, "Ontario, Canada": {"std": 3.3166247903553998, "error": 1.0, "mean": 61.0}, "Portland, OR": {"std": 0, "error": 0,